{"cameraMode":{"drawMode":0,"name":"Shaded","section":"Shading Mode"},"sceneLighting":true,"audioPlay":false,"sceneViewState":{"m_AlwaysRefresh":false,"showFog":true,"showSkybox":true,"showFlares":true,"showImageEffects":true,"showParticleSystems":true,"showVisualEffectGraphs":true,"m_FxEnabled":true},"in2DMode":false,"pivot":{"x":-2.3239688873291017,"y":-1.2518644332885743,"z":8.181100845336914},"rotation":{"x":-0.08756256103515625,"y":0.28456205129623415,"z":-0.026110364124178888,"w":-0.9542949795722961},"size":2.764059066772461,"orthographic":false}